{"Trustworthiness": 0.883894175505306}
{"Modularity Score: %.6f": 0.8311958945513696}
