{"Trustworthiness": 0.9474439920747907}
{"Modularity Score: %.6f": 0.8319849235534438}
