{"Trustworthiness": 0.8924862935831817}
{"Modularity Score: %.6f": 0.8456636477119308}
