{"Trustworthiness": 0.9477011188154651}
{"Modularity Score: %.6f": 0.8371520925902293}
